firstName,lastName,birthdate,email,phone,street1,street2,city,stateProvince,postalCode,country
Doni,Permadi,03/12/2000,doni@gmail.com,876573822,Jln. bogor raya 1,Jln. depok baru 1,Bogor,Jawa Barat,12345,Indonesia
Geofani,Fanya,04/12/2000,geo@gmail.com,8763822,Jln. bogor raya 2,Jln. depok baru 2,Jakarta Barat,Jakarta,13524,Indonesia
Lukman,Sardi,23/10/1997,lusar@gmail.com,1234124124,Jln. bogor raya 3,Jln. depok baru 3,Jakarta Selatan,Jakarta,12453,Indonesia
Riska,Amalia,11/07/1999,risa@gmail.com,3523523523,Jln. bogor raya 4,Jln. depok baru 4,Bandung,Jawa Barat,15243,Indonesia
Danang,Darto,28/09/2002,danang@gmail.com,2353623114,Jln. bogor raya 5,Jln. depok baru 5,Yogyakarta,Yogyakarta,43251,Indonesia
Lisa,Putri,19/05/1995,lisa@gmail.com,35241241412,Jln. bogor raya 6,Jln. depok baru 6,Aceh,Aceh,54123,Indonesia